listing_id,occupancy_rate
8521,0.25753424657534246
11169,0.852054794520548
19581,0.8054794520547945
27498,0.9342465753424658
79762,0.8246575342465754
106474,0.9561643835616438
108898,0.04657534246575343
231115,0.0
445407,0.0027397260273972603
675441,1.0
715532,0.6575342465753424
742574,0.32602739726027397
860634,0.2
910408,0.736986301369863
1054635,0.32602739726027397
1080789,0.8767123287671232
1097262,0.989041095890411
1140201,0.8684931506849315
1141088,0.8328767123287671
1154298,0.9397260273972603
1215512,0.4958904109589041
1225831,0.6794520547945205
1276962,0.07671232876712329
1404377,0.0
1406416,0.0
1502981,0.0
1632003,0.23835616438356164
1711476,0.8191780821917808
1799157,0.7698630136986301
1893287,0.4465753424657534
1935343,0.8328767123287671
1984737,0.43561643835616437
2030680,0.873972602739726
2038283,0.2219178082191781
2092181,0.04657534246575343
2223447,0.9917808219178083
2244415,1.0
2451591,0.6
2538983,0.7315068493150685
2692752,0.0
2764172,0.16986301369863013
2875646,0.0
3021937,0.9068493150684932
3100411,0.736986301369863
3167866,0.0
3234995,0.8547945205479452
3247833,0.7397260273972602
3334098,0.3178082191780822
3352446,0.049315068493150684
3369739,0.0
3506058,0.9068493150684932
3510127,0.9068493150684932
3538589,0.16986301369863013
3678159,0.0
3774900,0.4904109589041096
3861471,0.1726027397260274
3894437,0.32602739726027397
4031375,1.0
4068377,0.0
4112094,0.8602739726027397
4209359,0.4301369863013699
4216908,0.0
4235636,0.9178082191780822
4270619,0.43561643835616437
4455298,0.4438356164383562
4534572,0.0
4716432,0.06027397260273973
4736800,0.7972602739726027
4753390,0.2547945205479452
4759313,0.09863013698630137
4841421,0.0
4894617,0.0
4932029,0.043835616438356165
4954584,0.4931506849315068
4956321,0.19452054794520549
5020782,0.7315068493150685
5045782,0.09041095890410959
5159117,0.0
5171738,0.46301369863013697
5666988,0.7698630136986301
5705842,0.4575342465753425
5791244,0.3424657534246575
5811422,0.32602739726027397
5857136,0.07671232876712329
6106691,0.4684931506849315
6185544,0.4684931506849315
6185571,0.6191780821917808
6261046,0.37534246575342467
6363476,0.29315068493150687
6374780,0.7424657534246575
6473781,0.19726027397260273
6599485,0.31232876712328766
6702823,0.0
6761641,0.6547945205479452
6847242,0.2821917808219178
6947733,0.2356164383561644
6949378,0.9123287671232877
7007117,0.9068493150684932
7080737,0.3013698630136986
7084689,0.0
7094503,0.11506849315068493
7401198,0.2273972602739726
7415807,0.0
7490808,0.0
7508244,0.0
7729257,0.5698630136986301
7774831,0.15342465753424658
7872594,0.4602739726027397
7881324,0.4273972602739726
7883909,0.4986301369863014
7884541,0.3287671232876712
7886699,0.07671232876712329
8053796,0.6657534246575343
8059830,0.0
8064641,0.052054794520547946
8100480,0.5315068493150685
8129338,0.8958904109589041
8151702,0.3178082191780822
8308744,0.5945205479452055
8758789,0.8821917808219178
8866753,0.0
8988749,1.0
9109000,1.0
9300963,0.3589041095890411
9371115,0.473972602739726
9729190,0.40273972602739727
9790965,0.6438356164383562
9832821,0.0410958904109589
9938323,0.0
9940720,0.0
9975650,0.12054794520547946
10066136,0.052054794520547946
10066362,0.021917808219178082
10068003,0.9123287671232877
10138304,0.0
10152128,0.0
10152514,0.0
10355885,0.8575342465753425
10366230,0.673972602739726
10413061,0.7424657534246575
10545046,0.6027397260273972
10997123,0.2191780821917808
11656940,0.6356164383561644
11836087,0.44931506849315067
11944852,0.4383561643835616
12038379,0.08767123287671233
12220649,0.038356164383561646
12231967,0.9972602739726028
12248543,0.3041095890410959
12306678,0.7863013698630137
12318450,0.13424657534246576
12432434,0.9205479452054794
12489082,0.8383561643835616
12522168,0.0
12678652,0.2602739726027397
12810652,0.9123287671232877
12918434,0.21095890410958903
13044207,0.024657534246575342
13073921,0.019178082191780823
13147180,0.31232876712328766
13156403,0.0136986301369863
13169945,0.0136986301369863
13175406,0.536986301369863
13203203,0.0
13209403,0.0
13281865,1.0
13294153,0.8246575342465754
13522694,0.0
13546773,0.005479452054794521
13586974,0.8301369863013699
13600523,0.7945205479452054
13617148,0.0
13953617,0.8493150684931506
13971507,0.9972602739726028
14142611,0.8876712328767123
14212774,0.0
14213983,0.0
14214169,0.6712328767123288
14229298,0.01643835616438356
14251369,0.7671232876712328
14449525,0.9095890410958904
14521992,0.0
14536322,0.8273972602739726
14727253,0.6904109589041096
14754163,0.0
14758794,0.0
14759578,0.1506849315068493
14914342,0.8
15023471,0.3589041095890411
15056521,0.32602739726027397
15084907,0.2821917808219178
15125756,0.0684931506849315
15191990,0.0136986301369863
15235520,0.0
15285943,0.052054794520547946
15295354,0.052054794520547946
15295836,0.052054794520547946
15295997,0.9123287671232877
15369556,0.9123287671232877
15512578,0.7917808219178082
15645066,0.0
15649111,0.2273972602739726
15788977,0.9780821917808219
15789298,0.7041095890410959
15826847,0.0
15827795,0.0
15881987,0.0
15896255,0.024657534246575342
15929332,0.410958904109589
15930566,0.5095890410958904
16012632,0.1643835616438356
16013016,0.005479452054794521
16013157,0.0
16013859,0.0
16146887,0.6602739726027397
16238299,0.3095890410958904
16353525,0.39452054794520547
16361055,0.8246575342465754
16380128,0.8191780821917808
16436214,0.03287671232876712
16532655,0.9835616438356164
16793673,0.3287671232876712
17388503,0.29041095890410956
17693766,0.9808219178082191
17942925,0.29041095890410956
18151308,0.0
18676360,0.3506849315068493
18917534,1.0
19423076,0.0
19847550,0.4876712328767123
19942644,0.4986301369863014
20074638,0.4301369863013699
20355928,0.4438356164383562
20403672,0.33972602739726027
20419752,0.4958904109589041
20462256,0.0
20504268,0.0
20520318,0.473972602739726
20572514,0.4849315068493151
20649068,0.18904109589041096
20797694,0.536986301369863
20799027,0.4821917808219178
21012161,0.04657534246575343
21012703,0.7780821917808219
21204503,0.4383561643835616
21275668,0.024657534246575342
21460557,0.6219178082191781
21546255,0.5863013698630137
21682941,0.7123287671232876
22004690,0.1643835616438356
22008825,0.9205479452054794
22081464,0.0
22099694,0.09315068493150686
22216607,0.22465753424657534
22265937,0.7068493150684931
22265938,0.8191780821917808
22265939,0.7671232876712328
22287397,0.7561643835616438
22353454,0.01643835616438356
22419586,0.7698630136986301
22592882,0.3013698630136986
22602459,0.09315068493150686
22625445,0.0
22842459,0.9972602739726028
23037809,0.19452054794520549
23102114,0.9397260273972603
23114790,0.24383561643835616
23202600,0.0
23202681,0.0
23202737,0.0
23523253,0.873972602739726
23563670,0.9095890410958904
23594538,0.29315068493150687
23730467,0.5095890410958904
24011176,0.14246575342465753
24298372,0.9178082191780822
24304200,0.6493150684931507
24442402,0.3013698630136986
24586887,0.4273972602739726
24751989,0.6821917808219178
24886707,0.9726027397260274
24888817,0.9506849315068493
24967119,0.27945205479452057
25036068,0.16986301369863013
25943134,0.09041095890410959
26136927,0.8191780821917808
26703374,0.7178082191780822
26978504,0.0
27083472,0.0
27756964,0.07123287671232877
27897602,0.0
27898877,0.0
28178013,0.0
28195363,0.0
28282525,0.28493150684931506
28463949,0.0
28489121,0.07945205479452055
28667379,0.9808219178082191
28801153,0.0
28832386,0.7863013698630137
28833374,0.0
28988139,0.9013698630136986
28989060,0.8849315068493151
29308635,1.0
29588602,0.0
29854517,0.0
29992024,0.0
30035967,0.44931506849315067
30169164,0.0
30386484,0.7890410958904109
30389876,0.28493150684931506
30389899,0.4904109589041096
30389924,0.8465753424657534
30390003,0.7726027397260274
30390533,0.7917808219178082
30397057,0.5424657534246575
30403097,0.1095890410958904
30428472,0.29041095890410956
30441472,0.9452054794520548
30489683,0.8383561643835616
30567500,0.7397260273972602
30686042,0.9397260273972603
32055447,0.32602739726027397
32089082,0.0
32089527,0.0
32324379,0.6657534246575343
32441363,0.9123287671232877
32791973,0.0
33028188,0.7726027397260274
33183552,0.9095890410958904
33325791,0.8602739726027397
33337073,0.8684931506849315
33340302,0.9205479452054794
33341290,0.7424657534246575
33374476,0.0
33483321,0.0
33551653,0.0
33596731,0.5863013698630137
33789540,0.6602739726027397
34057584,0.0
34397691,0.7397260273972602
34664077,0.1780821917808219
34785693,0.4054794520547945
34944649,0.16712328767123288
35060349,0.1506849315068493
35187780,0.0
35333477,0.0
35635231,0.0027397260273972603
36351801,0.4931506849315068
36622151,0.9424657534246575
36769756,0.9041095890410958
36795444,0.0
37010665,0.0
37142306,0.7726027397260274
37460222,0.0
37684393,0.3095890410958904
37696869,0.8246575342465754
37931659,0.8273972602739726
37967448,0.0
38820941,0.536986301369863
38822539,0.4575342465753425
38823935,0.410958904109589
38849280,0.6109589041095891
38915459,0.6657534246575343
38960050,0.39452054794520547
38960329,0.4136986301369863
39608947,0.5150684931506849
39728795,0.27671232876712326
39747612,0.6602739726027397
39860203,0.5972602739726027
39864033,0.9178082191780822
39896724,0.9287671232876712
39908320,0.36712328767123287
39908417,0.7863013698630137
39918089,0.9013698630136986
40552282,0.9452054794520548
40886365,0.37534246575342467
41056764,0.0
41223077,0.7479452054794521
41260843,0.34794520547945207
41273964,0.7726027397260274
41288141,0.8246575342465754
41379642,0.0
41720730,0.736986301369863
41740740,0.7726027397260274
41998167,0.4876712328767123
42089092,0.8684931506849315
42116124,0.8164383561643835
42357558,0.7397260273972602
42946067,0.915068493150685
44110709,0.0
44208136,0.10410958904109589
44378435,0.0
44473794,0.7013698630136986
44952411,0.43561643835616437
45034782,0.4547945205479452
45054510,0.6575342465753424
45085165,0.6493150684931507
45164940,0.8246575342465754
45518727,1.0
45609348,0.5397260273972603
45609891,0.0
45731984,0.9835616438356164
45732245,0.8794520547945206
45732348,0.6986301369863014
45765398,0.0
45989120,0.0
46108993,0.03287671232876712
46128218,0.5863013698630137
46244582,0.4438356164383562
46331232,0.5260273972602739
46344417,0.5917808219178082
46345955,0.6219178082191781
46434097,0.5835616438356165
46471580,0.4876712328767123
46601955,0.8794520547945206
46602118,0.9561643835616438
46602128,0.8821917808219178
46659113,0.958904109589041
46659757,0.947945205479452
46660426,0.6191780821917808
46660436,0.3315068493150685
46660463,0.7835616438356164
46660483,0.6575342465753424
46660533,0.0
46712324,0.4410958904109589
46777895,0.2465753424657534
46780054,0.6465753424657534
46816839,0.9260273972602739
46819186,0.14246575342465753
46819851,0.5753424657534246
46820093,0.4438356164383562
46822729,0.9835616438356164
46830770,0.9232876712328767
46831036,0.936986301369863
46831184,0.9315068493150684
46903645,0.5917808219178082
46956721,1.0
47092360,0.7698630136986301
47092403,0.8136986301369863
47223523,0.6712328767123288
47296747,0.0
47500936,0.0
47538101,0.0
47757097,0.4821917808219178
47770402,0.4438356164383562
47936576,0.42191780821917807
47966548,0.6191780821917808
48107460,0.9178082191780822
48121941,0.6328767123287671
48178756,0.23835616438356164
48178779,0.7972602739726027
48178816,0.7726027397260274
48178837,0.8684931506849315
48282995,0.5945205479452055
48286373,0.5287671232876713
48456676,0.3315068493150685
48606573,0.6356164383561644
48643097,0.6054794520547945
48926497,0.8
48926609,0.7342465753424657
48926618,0.0
48926831,0.7945205479452054
48990536,0.7013698630136986
49026967,0.7863013698630137
49052551,0.6986301369863014
49073289,0.8246575342465754
49138557,0.38082191780821917
49214672,0.8328767123287671
49300336,0.32602739726027397
49300348,0.7808219178082192
49332762,0.3315068493150685
49380273,0.0
49381421,0.4438356164383562
49382833,0.2465753424657534
49414402,0.9287671232876712
49633481,0.2273972602739726
49709372,0.26575342465753427
49709665,0.36164383561643837
49714855,0.3972602739726027
49750350,0.1863013698630137
49750659,0.27945205479452057
49752174,0.3726027397260274
49840219,0.28493150684931506
50042415,0.8
50073035,0.4849315068493151
50118419,0.8438356164383561
50171781,0.8027397260273973
50171848,0.7452054794520548
50173550,0.5835616438356165
50175794,0.8301369863013699
50175808,0.8465753424657534
50331160,0.821917808219178
50540363,0.7671232876712328
50631125,0.821917808219178
50724014,0.7534246575342466
50783647,0.7945205479452054
51055943,0.663013698630137
51488181,0.14246575342465753
51625412,0.6191780821917808
51655441,0.07397260273972603
51706704,0.7808219178082192
51708387,0.6520547945205479
51708846,0.5808219178082191
51710894,0.7945205479452054
51750324,0.6821917808219178
51772909,0.6246575342465753
51789602,0.6657534246575343
51794432,0.9315068493150684
51799709,0.22465753424657534
51981449,0.23835616438356164
52061257,0.0
52154122,0.03287671232876712
52277955,0.8082191780821918
52280430,0.8191780821917808
52280623,0.915068493150685
52387922,0.7726027397260274
52388294,0.7397260273972602
52389611,0.9342465753424658
52396698,0.947945205479452
52396761,0.9013698630136986
52419649,0.7945205479452054
52454369,0.6547945205479452
52476267,0.6712328767123288
52494735,0.7424657534246575
52497750,0.26301369863013696
52501886,0.2465753424657534
52564040,0.7698630136986301
52795995,0.4794520547945205
52853061,0.6575342465753424
52853281,0.6246575342465753
52896389,0.0
52921262,0.6931506849315069
53409278,0.6931506849315069
53525050,0.547945205479452
53540787,0.00821917808219178
53540799,0.7698630136986301
53545883,0.0
53574737,0.4246575342465753
53619519,0.5698630136986301
53638194,0.5698630136986301
53657370,0.6575342465753424
53827724,0.9041095890410958
53932875,0.2
53932942,0.005479452054794521
53981182,0.9232876712328767
54064167,0.3287671232876712
54159825,0.0027397260273972603
54240167,0.6712328767123288
54328233,0.7424657534246575
54362078,0.673972602739726
539779772842501300,0.6547945205479452
543438884743961085,0.005479452054794521
547658836914753540,0.1780821917808219
549053376229884393,0.0027397260273972603
553212014281821672,0.7671232876712328
553444803315731851,0.6602739726027397
554149446811922669,0.6575342465753424
557098890922168973,0.0
557101410881697215,0.7095890410958904
557101758872697371,0.7863013698630137
557102107863619106,0.3150684931506849
557861415631805188,0.005479452054794521
560726207699438496,0.673972602739726
560782999379858921,0.4876712328767123
562904650702512130,0.273972602739726
562907622902357132,0.8794520547945206
562910079747001300,0.005479452054794521
562910621692803531,0.5808219178082191
568695761453451378,0.7671232876712328
571231578942255136,0.01643835616438356
573750610076955959,0.9232876712328767
576130772859764395,0.0
577732854546265230,0.7041095890410959
579769776783219613,0.6
579808147150882931,0.8684931506849315
583155579231125842,0.7671232876712328
583156362299641853,0.9178082191780822
583156733454046495,0.915068493150685
583442690752646511,0.821917808219178
584071397651925302,0.18904109589041096
585229041219697645,0.3917808219178082
587542313232761979,0.9095890410958904
587659068985780508,0.1917808219178082
587675724382157490,0.18904109589041096
587810796761966455,0.6136986301369863
588949789708020568,0.13972602739726028
589131280044876375,0.17534246575342466
589165201873039084,0.20821917808219179
589270818248441889,0.2054794520547945
589311739984519565,0.2136986301369863
589898743882940808,0.2054794520547945
589926308140361965,0.16986301369863013
590028685092360589,0.2054794520547945
592638728118529771,0.5643835616438356
592883195899752305,0.19726027397260273
592885617036405071,0.17534246575342466
592968776070404751,0.1780821917808219
594328584876275034,0.20273972602739726
594362872467802352,0.14794520547945206
594368718724038692,0.0958904109589041
596300774811892684,0.24383561643835616
597990507237979366,0.0
598403561534897310,0.7424657534246575
599324404655367395,0.14520547945205478
602906735271842245,0.736986301369863
604224307090023387,0.7780821917808219
604948697680076098,0.005479452054794521
608303312565390696,0.4246575342465753
609169815689919508,0.873972602739726
609172001257104153,0.6602739726027397
610709553203690333,0.0
610907392915480050,1.0
613941639077331824,0.7726027397260274
614491673402329392,0.6219178082191781
615906806974486700,0.8328767123287671
616571757662863762,0.863013698630137
618155510192385373,0.44931506849315067
618669349044634860,0.32602739726027397
618715040520766667,0.2821917808219178
620351115192130942,0.7808219178082192
620451076062142750,0.7506849315068493
621885630204630467,0.16986301369863013
622389945250297747,0.7095890410958904
623835892765058460,0.6219178082191781
623961563501401503,0.6493150684931507
624369083955082959,0.7753424657534247
625823728061276620,0.07671232876712329
631422787329168204,0.7726027397260274
633276447851296684,0.0
634543996402935327,0.663013698630137
637571846219690625,0.6164383561643836
639282488199028107,0.7616438356164383
640983626911638332,0.8547945205479452
644973807099512033,0.6986301369863014
645067492765632058,0.5561643835616439
645110732217950767,0.5260273972602739
645742715233822302,0.5068493150684932
645742814603841035,0.6986301369863014
646521237761110127,0.5397260273972603
649676414124309805,0.16164383561643836
650652479130903421,0.9972602739726028
651424766435626418,0.7917808219178082
651445047185993579,0.5260273972602739
653139523482922623,0.5616438356164384
655992035839044390,0.4931506849315068
656491198282809831,0.0
658827445719256758,0.9342465753424658
659222438058852708,0.6904109589041096
659315566821319546,0.9068493150684932
661308052556559845,0.34794520547945207
663029895273198101,0.4958904109589041
665964236829666436,0.4438356164383562
666082953258423421,0.4876712328767123
666595629666506592,0.19452054794520549
667282957987085655,0.9068493150684932
667357351326302474,0.18356164383561643
667977945758847935,0.9123287671232877
668526108477951887,0.5616438356164384
668860983951114949,0.2547945205479452
669427669548426081,0.473972602739726
671430262208782555,0.5534246575342465
671430717190848087,0.21643835616438356
671829126139313941,0.19726027397260273
673180941199117248,0.021917808219178082
674344800982633942,0.947945205479452
674349526136202834,0.2465753424657534
676052104641131284,0.4465753424657534
676765815286952916,0.9123287671232877
676765881321183870,0.19726027397260273
677407879711343231,0.5041095890410959
678988497278162511,0.0
681479507181716937,0.8602739726027397
681841365628089501,0.4465753424657534
682669003152934512,0.35342465753424657
682742536989144884,0.2328767123287671
682754796766681556,0.6109589041095891
682768307476669682,0.589041095890411
682783010965089462,0.01643835616438356
682808903822728338,0.7397260273972602
683482042351608986,0.5917808219178082
683512299591673028,0.5863013698630137
683527896872706362,0.6027397260273972
686256404068945147,0.4520547945205479
686658613699870080,0.7726027397260274
688362184123725480,0.36164383561643837
691243043032050350,0.8849315068493151
693373920101401063,0.810958904109589
696180196311980935,0.3835616438356164
698549204215166679,0.7397260273972602
699096142291925099,0.7506849315068493
699171017113164995,0.3643835616438356
699176884651828876,0.29041095890410956
699967706389413313,0.2054794520547945
699989691268441355,0.14794520547945206
700542073358234008,0.5424657534246575
702720625189097750,0.27945205479452057
704062771058107037,0.0027397260273972603
705252782649566450,0.021917808219178082
708150776697540002,0.27945205479452057
710698256179185340,0.7835616438356164
713280772654403955,0.7753424657534247
714238837650740969,0.7671232876712328
720761408316272480,0.8547945205479452
725075746005677878,0.8
725076046800519018,0.5780821917808219
725076328535910225,0.2328767123287671
726681327394356140,0.7671232876712328
727396532761443035,0.38082191780821917
727396830281125215,0.7424657534246575
728505271218911191,0.7397260273972602
729595939978103586,0.2876712328767123
730278389522045849,0.8547945205479452
730342004988112602,0.7232876712328767
731011162856844843,0.5808219178082191
734335475569293078,0.7479452054794521
734538649978163105,0.0027397260273972603
737660416545632684,0.7287671232876712
738938199129215325,0.9260273972602739
739965948118416572,0.8904109589041096
739986372349050050,0.9315068493150684
739993160391510614,0.8849315068493151
740631958938643314,0.0
749247069028640779,0.0
749662274596306013,0.0
751728834760050086,0.0
751932700586395273,0.8
752024667712943044,0.5068493150684932
752145851463773023,0.09041095890410959
752394278759503874,0.0
752446517808850662,0.0
753527092017125372,0.7698630136986301
754455296509440408,0.8246575342465754
754920402986454869,0.7424657534246575
757175885529058316,0.6547945205479452
762249424741408581,0.7945205479452054
763897924434821061,0.9342465753424658
763916662800054874,0.8465753424657534
763925249468181362,0.8958904109589041
763927892463989895,0.9534246575342465
763929816995716482,0.8273972602739726
764348702017597696,0.6684931506849315
766161909233329306,0.8246575342465754
769640288432410956,0.7835616438356164
771489576280050054,0.7616438356164383
773279975771551581,0.9643835616438357
773338595139420519,0.9013698630136986
775259444004817072,0.9863013698630136
775259755847058465,0.07671232876712329
776129938479764291,0.19452054794520549
776192944026751835,0.0
777425697740544030,0.663013698630137
778274068943787674,0.9643835616438357
785671554298881212,0.8849315068493151
785766126951688904,0.9397260273972603
786908960517378314,0.39452054794520547
791095774067370869,0.2465753424657534
792520660153807199,0.7698630136986301
794831012886639062,0.936986301369863
801526881045192241,1.0
807752055637299743,0.0
810038943050476078,0.4
810959250776267721,0.1589041095890411
817248146733376123,0.07123287671232877
821812290137628437,0.6383561643835617
821895641723578183,0.7945205479452054
821910323935948974,0.5397260273972603
824640034907325536,0.12876712328767123
825450630108095667,0.7178082191780822
826878627372437170,0.0
828014380642849064,0.2547945205479452
830972032887751004,0.34794520547945207
831932276887004558,0.9506849315068493
838318416540441521,0.29315068493150687
838434452653109023,0.8876712328767123
841164665014906054,0.3287671232876712
841777768042968655,0.41643835616438357
843249477676142287,0.33424657534246577
843249807094408605,0.4821917808219178
844342834369735120,0.11232876712328767
848589438104752605,0.9506849315068493
857003069429605041,0.40821917808219177
857305605360993614,0.673972602739726
857499016038024984,0.7945205479452054
858775905168709024,0.673972602739726
859330642885797356,0.005479452054794521
861332024970563160,0.6575342465753424
862317296737878056,0.0
863179731043996638,0.3013698630136986
863789008478115840,0.2410958904109589
863857193342827363,0.27123287671232876
864667348137959644,0.9315068493150684
869149757151364528,0.7643835616438356
869155942899961300,0.7013698630136986
871041683573679176,0.6575342465753424
871115591144416347,0.7726027397260274
875356456027741353,0.7315068493150685
876003038613111572,0.0
876412131220574573,0.4821917808219178
877095135477780338,0.8273972602739726
879943149311390458,0.6383561643835617
881080600879979804,0.7917808219178082
882866059511338482,0.0
884085118462269211,0.2410958904109589
884603975720143185,0.0
886137842431866888,0.7287671232876712
889777551432433232,0.32602739726027397
898743835070344633,0.7150684931506849
899055640620536833,0.0
899165085303054005,0.2821917808219178
900035813579443874,0.06575342465753424
904279346273381729,0.0
907107188870037315,0.136986301369863
907922146510569453,0.9808219178082191
912225774852108276,0.7424657534246575
912260040502294810,0.9013698630136986
913139088938753121,1.0
914526512928239735,0.8027397260273973
917914899810546988,0.7726027397260274
918749466220965200,0.4246575342465753
919434524468768915,0.4986301369863014
919709567989940145,1.0
919736081970491426,0.9561643835616438
919781632888020415,0.958904109589041
919789980234899287,0.958904109589041
923317061110084218,0.22465753424657534
932719108839611144,0.7643835616438356
939400078868290225,0.8767123287671232
946460026402767141,0.9808219178082191
947111916947155717,0.4383561643835616
947676023734990025,0.39452054794520547
948559086938190912,0.7342465753424657
949475573742371181,0.726027397260274
950040956803495172,0.9534246575342465
952440498873698321,0.7397260273972602
953800690094149002,0.915068493150685
953807417127525686,0.915068493150685
954346445825347560,0.4246575342465753
955406406517539211,0.6712328767123288
956551081419985039,0.6054794520547945
957125777026757508,0.9232876712328767
958623369790316913,0.13424657534246576
958846398471312812,0.9232876712328767
960953204862169845,0.7397260273972602
960960482667988473,0.2191780821917808
963178772828618161,0.38904109589041097
963523446371001048,0.2328767123287671
965794269203671699,0.5671232876712329
967756760501396898,0.5041095890410959
968257188281592322,0.4520547945205479
968948922084936569,0.7698630136986301
978849360857179472,0.9917808219178083
981842359269794208,0.4904109589041096
981888613200043615,0.4904109589041096
982009517665623926,0.4904109589041096
982717638805134477,0.4821917808219178
983442537658105697,0.9397260273972603
983497357043285481,0.9232876712328767
983506848306117725,0.947945205479452
984480567703925084,0.5041095890410959
987032852131603313,0.9013698630136986
987059647427696260,0.9013698630136986
987602112187689722,0.9506849315068493
988456532079671597,0.2958904109589041
990127857931944993,0.947945205479452
991358505678599718,0.0
991486135625844125,0.9397260273972603
993071246931669307,0.0
994346837966557081,0.4931506849315068
994958540516980415,0.4876712328767123
996638434486016385,0.8164383561643835
998582507525458740,0.8821917808219178
999450060442577057,0.989041095890411
999462855395310148,0.9342465753424658
999611564853363629,0.8821917808219178
1004102324803384826,0.7835616438356164
1004102648076003285,0.8547945205479452
1004103583651239793,0.3589041095890411
1004106343681127655,0.8931506849315068
1004806474673963758,0.6657534246575343
1005269731588409640,0.8684931506849315
1005673682228403331,0.07671232876712329
1010125409177601423,0.5342465753424658
1011434132378868116,0.9260273972602739
1012181677465302115,0.958904109589041
1015928386706711468,0.9232876712328767
1017640798001039187,0.18356164383561643
1019952339182269774,0.8438356164383561
1020115334294372563,0.5397260273972603
1020324015375683573,0.6219178082191781
1020360905148404294,0.5835616438356165
1020397499932511458,0.6082191780821918
1021024681841646418,0.5808219178082191
1021042132067577967,0.6219178082191781
1021066394115705551,0.6136986301369863
1021083486109008221,0.5506849315068493
1021088928078185998,0.5835616438356165
1021095817846302129,0.6136986301369863
1021121664023217954,0.6054794520547945
1021131856491372052,0.6109589041095891
1023702474053285021,0.726027397260274
1024631607696785445,0.4465753424657534
1025502931161999381,0.4986301369863014
1027885048039574491,0.7178082191780822
1028528261650319760,0.6465753424657534
1033547494688067088,0.4904109589041096
1034135728164806497,0.6164383561643836
1034226604586154269,0.6821917808219178
1034359219041251331,0.6684931506849315
1036262305798173477,0.5232876712328767
1036970073670617613,0.0
1038665345663825953,0.863013698630137
1038680040963629106,0.873972602739726
1040498868157347605,0.24383561643835616
1044094385082192374,0.7671232876712328
1044094780074683208,0.7671232876712328
1044098565668751581,0.9863013698630136
1045107406588160391,0.0
1048513238297225657,0.0
1048513854929338001,0.0
1049725939341767055,0.5342465753424658
1051349133965350984,0.0027397260273972603
1055655003394520006,0.01643835616438356
1056541415631407188,0.5287671232876713
1056677599813407376,0.4794520547945205
1059480111862743172,0.44931506849315067
1059482346327341236,0.5726027397260274
1062261996900707427,0.6575342465753424
1064275342808164449,0.7643835616438356
1064276226491090793,0.663013698630137
1065310053020677810,0.9232876712328767
1065530897533601681,0.336986301369863
1066632415303417904,0.21643835616438356
1067265051354608893,0.0027397260273972603
1071760875708269521,0.9232876712328767
1074497552610582856,0.3561643835616438
1074711283416093548,0.03287671232876712
1075154537188999768,0.810958904109589
1075154886186984104,0.20821917808219179
1076207451122468326,0.5561643835616439
1077451838236723791,0.4301369863013699
1078414396541428103,0.5945205479452055
1078423906288822454,0.5808219178082191
1078522756355644970,0.589041095890411
1078536875387723342,0.5808219178082191
1078550110769472944,0.6164383561643836
1081184661956590002,0.6219178082191781
1081215259302290867,0.5835616438356165
1081234000206568862,0.4465753424657534
1081247733311373595,0.5780821917808219
1081260480997375711,0.5945205479452055
1081273385238256231,0.6219178082191781
1081468346941167969,0.5917808219178082
1081836921075410984,0.6082191780821918
1081848745838636761,0.6136986301369863
1081862585114294779,0.5561643835616439
1081905027295602864,0.5506849315068493
1081920212626957830,0.4054794520547945
1081922433386705884,0.0
1081930651566375264,0.6136986301369863
1081963674879636572,0.5808219178082191
1081991093784683208,0.6082191780821918
1082689715524663547,0.7424657534246575
1082878434985647348,0.6164383561643836
1084861490253863852,0.7424657534246575
1085531300157434847,0.4575342465753425
1087043088286934912,0.8821917808219178
1088571783458035994,0.5917808219178082
1091275833858873833,0.9808219178082191
1092855511983494781,0.14246575342465753
1092855512156788588,0.13150684931506848
1093756346559375157,0.5424657534246575
1094795937752488398,0.07671232876712329
1102017006012796240,0.336986301369863
1106850875535276208,0.0
1108882293752622009,0.0
1112436567332844103,0.9232876712328767
1112441607068691361,0.7917808219178082
1113898881887522243,0.9178082191780822
1113966242790010489,0.2328767123287671
1113980159300339938,0.2328767123287671
1115420448659709729,0.3150684931506849
1116261789246615073,0.9178082191780822
1116621995478463909,0.2410958904109589
1123124592813990510,0.9917808219178083
1123248521445354352,0.7972602739726027
1123360070694653908,0.7890410958904109
1123864260096352232,0.7753424657534247
1124697861553046475,0.36164383561643837
1126267183732200616,0.2273972602739726
1126408279691385772,0.1589041095890411
1126675012176094121,0.8273972602739726
1127575008498131377,0.6821917808219178
1127675476773077635,0.19452054794520549
1127729348726891808,0.9068493150684932
1135749774918406317,0.6273972602739726
1136303851513151717,0.9424657534246575
1136331678559532746,0.9780821917808219
1136367685577480840,0.8904109589041096
1136513809048793500,0.19452054794520549
1146332868574726174,0.9068493150684932
1148708130994304823,0.5452054794520548
1150966669992864665,0.2876712328767123
1151424284156179758,0.936986301369863
1151558859405595911,0.10136986301369863
1153680200446772917,0.6164383561643836
1159005657128284234,0.4
1160451157006000486,0.547945205479452
1161232183797796588,0.6904109589041096
1163242441687978095,0.6575342465753424
1164755173730187274,0.07123287671232877
1166729654345910626,0.35342465753424657
1168157086124454476,0.5808219178082191
1168185217934257584,0.5835616438356165
1168327604165720211,0.4821917808219178
1171149851114416498,0.6219178082191781
1172778230634835172,0.9315068493150684
1177072451952554440,0.8054794520547945
1178492313911933828,0.3698630136986301
1187042768538554392,0.5917808219178082
1187063016889423883,0.6356164383561644
1187065998977014603,0.4136986301369863
1188033695509983351,0.0
1190043718974452163,0.7123287671232876
1190384384922571617,0.4849315068493151
1190384395684464293,0.473972602739726
1190385778062073805,0.4876712328767123
1190549927997031081,0.6575342465753424
1191279975593162825,0.3835616438356164
1195767016369732225,0.4328767123287671
1198313523518703862,0.7287671232876712
1199305301727599057,0.0
1202785670242150410,0.5863013698630137
1203047245837315103,0.0
1206044455264417131,0.46301369863013697
1208871304952594626,0.2328767123287671
1211878686673564518,0.20821917808219179
1214501783503412857,0.5260273972602739
1214765819998089298,0.8958904109589041
1215122695696010285,0.736986301369863
1215211193317942752,0.5260273972602739
1216024165747801241,0.29315068493150687
1216616538036389684,0.7780821917808219
1217290640971771559,0.2410958904109589
1220584110709467998,0.4767123287671233
1221193592464274041,0.15342465753424658
1224103678525360830,0.3917808219178082
1225319201692184906,0.25753424657534246
1226359315673997274,0.9232876712328767
1226379655698312130,0.9424657534246575
1227787991851659159,0.3835616438356164
1228141057351589960,0.8246575342465754
1228580827116834283,0.5616438356164384
1231200267837599846,0.3589041095890411
1231218849312160323,0.4602739726027397
1231842790919068278,0.0958904109589041
1231846129912835942,0.12054794520547946
1232012149968507798,0.2328767123287671
1232015719431173776,0.2328767123287671
1233950828897082169,0.5123287671232877
1234927492106462677,0.23835616438356164
1240672030492221797,0.9506849315068493
1241558164458790735,0.08493150684931507
1241598489990237742,0.3315068493150685
1243535634138473191,0.9342465753424658
1243687443033668132,0.7178082191780822
1244865689086446980,0.9863013698630136
1245193538360887691,0.0
1245363849455896033,0.8547945205479452
1252234122328267954,0.0
1253095765275947076,0.4767123287671233
1253105117613411219,0.3726027397260274
1255400963257975731,0.8410958904109589
1255411501797072121,0.26301369863013696
1255421497796206893,0.8684931506849315
1256767679261069067,0.7780821917808219
1258041198604204820,0.873972602739726
1258524489116174223,0.5150684931506849
1258614589442435697,0.4520547945205479
1258940902069664010,0.1863013698630137
1262587718858139279,0.7452054794520548
1264057236607671826,0.4301369863013699
1264464956394349904,0.12602739726027398
1268486506424486225,0.4931506849315068
1270367640007649475,0.0
1270440729536417168,0.915068493150685
1270533746072985791,0.5150684931506849
1273148323077271037,0.0027397260273972603
1273189250904342859,0.4191780821917808
1277562459880919059,0.4931506849315068
1277827783190862288,0.9068493150684932
1277836969596342954,0.9342465753424658
1278840348596448970,0.4246575342465753
1278903150704713817,0.0
1279180390656048115,0.6191780821917808
1279184126017410140,0.18904109589041096
1279278256504631898,0.0
1279282979941676694,0.0
1279537761128947713,0.3287671232876712
1279807588490719470,0.18904109589041096
1279860268950640310,0.7698630136986301
1279898269426648627,0.7945205479452054
1280488916169232339,0.9945205479452055
1282851235589406381,0.8410958904109589
1290663516928404456,0.7671232876712328
1293467989847493402,0.7287671232876712
1294300479374224134,0.0
1294302321404757466,0.8821917808219178
1294304021677856340,0.8657534246575342
1294305526233402995,0.7863013698630137
1294306871673069126,0.8986301369863013
1294308699036839896,0.8849315068493151
1294309897144946101,0.8849315068493151
1294312703904833771,0.8684931506849315
1294314014496205752,0.8684931506849315
1294316868605723863,0.9095890410958904
1294317281185483790,0.9123287671232877
1294334686299509971,0.8849315068493151
1294338423489964373,0.8849315068493151
1294339845498198013,0.8849315068493151
1294341193895886017,0.8356164383561644
1294342169714204490,0.8356164383561644
1294356313610161194,0.8191780821917808
1294361599832283416,0.8164383561643835
1294363464034666970,0.8876712328767123
1294366250821507791,0.8876712328767123
1294366409742158095,0.8410958904109589
1294368205347861708,0.8410958904109589
1294370743073165447,0.8273972602739726
1294371355840097309,0.8246575342465754
1294373661432538616,0.8821917808219178
1294374827856762527,0.8767123287671232
1294380736372656414,0.8821917808219178
1294476327206129080,0.9397260273972603
1295821476955399546,0.14794520547945206
1297296644557524485,0.410958904109589
1303081637472953926,0.030136986301369864
1303094695452201184,0.0
1303098342776101324,0.0
1303525086557444901,0.8054794520547945
1305199050807494395,0.0
1305475912967336497,0.9534246575342465
1306692135151077376,0.21095890410958903
1308790022395046105,0.0
1308821660372582773,0.25753424657534246
1308826255467962603,0.07123287671232877
1308846162056102099,0.0027397260273972603
1308878725781263883,0.0
1309736878656130884,0.0
1313029626675419729,1.0
1313250609203710870,0.0
1313277221998634744,0.0
1313301960513049198,0.0
1314036192803424107,0.9397260273972603
1314503196469375292,0.16712328767123288
1316079594397757163,0.0
1316114470624958889,0.0
1316146649117544288,0.005479452054794521
1316177516686633036,0.038356164383561646
1317863901961996917,0.4684931506849315
1317864001522489250,0.44931506849315067
1318158230621430853,0.6164383561643836
1318446978455140929,0.0
1318460925700073603,0.01643835616438356
1318931353264908487,0.0
1318982717032338038,0.0
1320421482516957805,0.0
1320504471606279205,0.0
1321118098221853368,0.0
1321164896988390120,0.1232876712328767
1321174876852233560,0.0
1321209024821164846,0.0
1321911653458085029,0.024657534246575342
1321930314417727576,0.0
1322171260331159743,0.2273972602739726
1325604998465161105,0.0
1325641804133767815,0.0
1325644254538738388,0.0
1325655163906184115,0.0
1325667961722374923,0.0
1325676792141712839,0.0
1325684774298927045,0.0
1326249269071711527,0.0
1326264524412717405,0.0
1326280500983484112,0.0
1326314679169136740,0.0
1327076982500447300,0.0
1331069533183258134,0.9917808219178083
1332865784938961285,0.5123287671232877
1332992385927551026,0.9095890410958904
1333339501523525686,0.3178082191780822
1334442025878464474,0.7232876712328767
1334639611846241561,0.7479452054794521
1339871308504440850,0.663013698630137
1339882128761117234,0.019178082191780823
1339887376837483264,0.9643835616438357
1343412244563183514,0.2191780821917808
1343412244652651088,0.23835616438356164
1343412432863027515,0.2
1343412450757058987,0.2219178082191781
1343412568540226039,0.1917808219178082
1347432810363435510,0.43561643835616437
1350005990008252377,0.14520547945205478
1350027144389628919,0.15342465753424658
1350029182717391228,0.2273972602739726
1350037881960769692,0.16712328767123288
1350038682677642163,0.14520547945205478
1350040620023890977,0.23013698630136986
1350040627407597136,0.29863013698630136
1350741098728551622,0.21643835616438356
1351502006752175541,0.7095890410958904
1351527141697304081,0.4958904109589041
1353685817579982273,0.15342465753424658
1354154405745305539,0.31232876712328766
1354155827658310221,0.17534246575342466
1354791369685883134,0.4931506849315068
1354802631686341472,0.7397260273972602
1355905092682683093,0.821917808219178
1358243324700981287,0.0
1358722925152934866,0.663013698630137
1359013623672760636,0.5095890410958904
1360027669257002800,0.7671232876712328
1361546931809070698,0.5150684931506849
1364618340700955037,0.5342465753424658
1366135541586284834,0.0
1366722484066618364,0.9917808219178083
1368964327475569224,0.9095890410958904
1369001477264761823,0.9726027397260274
1369035290877992847,0.9232876712328767
1369100335249440399,0.4136986301369863
1371134817378285766,0.4657534246575342
1371846648224821367,0.4657534246575342
1374446242070484549,0.2328767123287671
1378385310125670045,0.1178082191780822
1379008241594306699,0.030136986301369864
1379008242253723111,0.024657534246575342
1379008321349745029,0.03561643835616438
1379008342390587610,0.04657534246575343
1379008406971631030,0.049315068493150684
1379008429103956646,0.04657534246575343
1379039627516074486,0.2547945205479452
1379641804125594490,0.7013698630136986
1379683449928716882,0.0
1379828246472933470,0.9643835616438357
1380521885455054858,0.7698630136986301
1380539853823927702,0.9643835616438357
1380581474225293413,0.9452054794520548
1380756151232730831,0.4136986301369863
1382164920114729515,0.3287671232876712
1382181491841133270,0.3315068493150685
1383640708826380397,0.32054794520547947
1385416357920651990,0.8547945205479452
1386358600461246628,0.9616438356164384
1386369150239003217,0.936986301369863
1388518018571007986,0.5589041095890411
1389043547642682075,0.7342465753424657
1390088383620900426,0.8493150684931506
1390520609103223698,0.3315068493150685
1390776994282697673,0.2465753424657534
1391449092465910284,0.8821917808219178
1394132001148142558,0.3095890410958904
1394968600661186278,0.0
1396380531047539505,0.7945205479452054
1397288373908458862,0.410958904109589
1399324488510703204,0.810958904109589
1400828514392681407,0.1506849315068493
1401713739648827867,0.947945205479452
1403041072445423229,0.4821917808219178
1405144997307657425,0.8246575342465754
1405976958154277808,0.9424657534246575
1410214202701147012,0.9041095890410958
1412038031522771516,0.9397260273972603
1413037033838490901,0.0
1415216786287737301,0.4657534246575342
1416639675161781755,0.9260273972602739
1419653782431017269,0.9315068493150684
1419735548525932997,0.2
1419873832133387968,0.2
1425310306953110245,1.0
1426970163931579930,0.7643835616438356
1432631054379149017,0.4547945205479452
1436606286275785751,0.9534246575342465
1439185048991318612,0.9452054794520548
1439319821021536444,0.5287671232876713
1439840107587058996,0.052054794520547946
1441219938820751653,0.9315068493150684
1442190452341432060,0.40821917808219177
1443555192209357989,0.9424657534246575
1443585853586366833,0.0
1444283083184036321,0.11232876712328767
1446601774034134816,0.7589041095890411
1447873768040156812,0.0
1447874415605002128,0.0027397260273972603
1447874951198409920,0.9424657534246575
1447875564779712913,0.0
1447876004087276541,0.9506849315068493
1450459566312144067,0.5780821917808219
1452951335972811486,0.2328767123287671
1453975479245436822,0.6273972602739726
1456111746764187509,0.863013698630137
1461488700013373652,0.9671232876712329
1462185011882477570,0.8493150684931506
1462185605613502582,0.3506849315068493
1463379838260676169,0.14520547945205478
1463436344277699858,0.8246575342465754
1466017729377657852,0.7698630136986301
1466571176275229350,0.536986301369863
1466971443506714159,0.6684931506849315
1467489215897092838,0.1178082191780822
1468163786076519556,0.8849315068493151
1468328881904582328,0.8575342465753425
1469699456787005282,0.9561643835616438
1471136270349739721,0.0
1471136546448011239,0.019178082191780823
1471137042072568860,0.0
1471137317082172545,0.9041095890410958
1471138226650799379,0.9643835616438357
1471150007445788279,0.5972602739726027
1471813718277535667,0.136986301369863
1472034845827407833,0.9972602739726028
1472037144595352321,1.0
1473303482587872586,0.024657534246575342
1474088720386564266,0.42191780821917807
1474090413103345579,0.9972602739726028
1474708958925851582,0.9342465753424658
1477154367086512225,0.9917808219178083
1477156506436385061,0.9698630136986301
1480068757670494040,0.9917808219178083
1480483356360400440,0.9945205479452055
1480483865434659097,0.9123287671232877
1483353537499519504,0.958904109589041
1486349419505311854,0.5698630136986301
1489012649450476281,0.17534246575342466
1489078996348545259,0.12054794520547946
1490383398483144420,0.2273972602739726
1490589501127536242,0.2136986301369863
1491337249084347225,0.6410958904109589
1492219067528724236,0.7479452054794521
1495169147526937665,0.8328767123287671
1495718619408166596,0.6986301369863014
1495736140546731457,0.1863013698630137
1497045070524830462,0.26301369863013696
1498292611325124245,0.08493150684931507
1500904357896831980,0.6931506849315069
1500995698874082962,0.7123287671232876
1505039942601863926,0.3452054794520548
1505991088299252768,0.6027397260273972
1506106257754211549,0.44931506849315067
1511018809587958113,0.5835616438356165
1511584614874158127,0.9342465753424658
1512491965356436298,1.0
1515949284662485353,0.6547945205479452
1516048516509807227,0.9917808219178083
1516092739496773915,0.5972602739726027
1516763862779302780,0.9917808219178083
1516816945624644176,0.9917808219178083
1516830156089089869,0.9917808219178083
1517697900266995668,0.7835616438356164
